<?xml version="1.0" encoding="utf-8"?>
<!--/266552/1514354/2.50/3/4/Integrated Circuit/-->
<quadcept_library>
  <setting unit="mil" />
  <textstyle name="Default" height="47.244094488189" strokewidth="7.8740157480315" charwidth="47.244094488189" />
  <textstyle name="Dimension" height="19.6850393700787" strokewidth="0" charwidth="19.6850393700787" />
  <textstyle name="H127W0635TH00762" height="50" strokewidth="3" charwidth="25" />
  <textstyle name="H15W15TH02" height="59.0551181102362" strokewidth="7.8740157480315" charwidth="59.0551181102362" />
  <padstyle name="c160_h106" surface="False" plated="True" isvia="False" nopaste="True" nomask="True" complex="False" holesize="41.732283464566">
    <padshape layer="TOP" shape="round" width="62.992125984251" height="62.992125984251" />
    <padshape layer="TOP_SOLDER_MASK" shape="round" width="70.866141732283" height="70.866141732283" />
    <padshape layer="INNER" shape="round" width="62.992125984251" height="62.992125984251" />
    <padshape layer="BOTTOM" shape="round" width="62.992125984251" height="62.992125984251" />
    <padshape layer="BOTTOM_SOLDER_MASK" shape="round" width="70.866141732283" height="70.866141732283" />
  </padstyle>
  <footprint name="TSSP4038" originx="0" originy="0" pickpointx="0" pickpointy="0">
    <pcbpin number="1" name="1" style="c160_h106" originx="-99.999999999999" originy="-61.023622047243" rotation="90" />
    <pcbpin number="2" name="2" style="c160_h106" originx="0" originy="-61.023622047243" rotation="90" />
    <pcbpin number="3" name="3" style="c160_h106" originx="99.999999999999" originy="-61.023622047243" rotation="90" />
    <line layer="TOP_ASSEMBLY" originx="-118.11023622047" originy="0" endx="118.11023622047" endy="0" width="7.8740157480314" />
    <line layer="TOP_ASSEMBLY" originx="118.11023622047" originy="0" endx="118.11023622047" endy="-153.54330708661" width="7.8740157480314" />
    <line layer="TOP_ASSEMBLY" originx="118.11023622047" originy="-153.54330708661" endx="-118.11023622047" endy="-153.54330708661" width="7.8740157480314" />
    <line layer="TOP_ASSEMBLY" originx="-118.11023622047" originy="-153.54330708661" endx="-118.11023622047" endy="0" width="7.8740157480314" />
    <arc layer="TOP_ASSEMBLY" originx="0.00019685039371082" originy="-114.82027559055" startangle="201.5" sweepangle="137.0" radius="105.7687007874" width="7.8740157480314" />
    <line layer="TOP_SILKSCREEN" originx="-118.11023622047" originy="0" endx="118.11023622047" endy="0" width="7.8740157480314" />
    <line layer="TOP_SILKSCREEN" originx="-118.11023622047" originy="-153.54330708661" endx="-98.425196850392" endy="-153.54330708661" width="7.8740157480314" />
    <line layer="TOP_SILKSCREEN" originx="118.11023622047" originy="-153.54330708661" endx="98.425196850392" endy="-153.54330708661" width="7.8740157480314" />
    <arc layer="TOP_SILKSCREEN" originx="-0.00019685039371082" originy="-114.82303149606" startangle="338.5" sweepangle="-137.1" radius="105.76751968504" width="7.8740157480314" />
    <line layer="TOP_SILKSCREEN" originx="-118.11023622047" originy="-153.54330708661" endx="-118.11023622047" endy="-98.228346456692" width="7.8740157480314" />
    <line layer="TOP_SILKSCREEN" originx="118.11023622047" originy="-153.54330708661" endx="118.11023622047" endy="-98.228346456692" width="7.8740157480314" />
  </footprint>
  <symbol name="TSSP4038" originx="0" originy="0">
    <line originx="200" originy="100" endx="700" endy="100" width="0" />
    <line originx="700" originy="-300" endx="700" endy="100" width="0" />
    <line originx="700" originy="-300" endx="200" endy="-300" width="0" />
    <line originx="200" originy="100" endx="200" endy="-300" width="0" />
    <sympin number="1" originx="200" originy="0" rotation="180" length="100" width="7.8740157480315" flipped="False">
      <text name="pinname" originx="230" originy="0" style="Default" rotation="0" justify="left" flipped="False" hidden="False" data="OUT" />
      <text name="pindes" originx="140" originy="20" style="Default" rotation="0" justify="lowerright" flipped="False" hidden="False" data="1" />
    </sympin>
    <sympin number="2" originx="200" originy="-100" rotation="180" length="100" width="7.8740157480315" flipped="False">
      <text name="pinname" originx="230" originy="-100" style="Default" rotation="0" justify="left" flipped="False" hidden="False" data="GND" />
      <text name="pindes" originx="140" originy="-80" style="Default" rotation="0" justify="lowerright" flipped="False" hidden="False" data="2" />
    </sympin>
    <sympin number="3" originx="200" originy="-200" rotation="180" length="100" width="7.8740157480315" flipped="False">
      <text name="pinname" originx="230" originy="-200" style="Default" rotation="0" justify="left" flipped="False" hidden="False" data="VS" />
      <text name="pindes" originx="140" originy="-180" style="Default" rotation="0" justify="lowerright" flipped="False" hidden="False" data="3" />
    </sympin>
  </symbol>
  <component name="TSSP4038" designatorprefix="IC" height="0" footprint="TSSP4038">
    <comppin designator="1" sympin="1" pinswap="0" gateswap="0" gate="1" group="1" side="" type="Any" name="OUT" />
    <comppin designator="2" sympin="2" pinswap="0" gateswap="0" gate="1" group="1" side="" type="Any" name="GND" />
    <comppin designator="3" sympin="3" pinswap="0" gateswap="0" gate="1" group="1" side="" type="Any" name="VS" />
    <attached_symbol gate="1" name="TSSP4038" />
    <pinmap designator="1" footprintpin="1" />
    <pinmap designator="2" footprintpin="2" />
    <pinmap designator="3" footprintpin="3" />
    <text name="Datasheet" originx="0" originy="0" style="Default" rotation="0" justify="" flipped="False" hidden="True" data="https://componentsearchengine.com/Datasheets/2/TSSP4038.pdf" />
    <text name="Description" originx="0" originy="0" style="Default" rotation="0" justify="" flipped="False" hidden="True" data="IR Receiver Module 38KHz 25m EMI 3-Pin Vishay TSSP4038, 38kHz IR Receiver, 950nm +/-45 , 25m Range, 2.5V - 5V, Through Hole, 6 x 3.9 x 6.95mm" />
    <text name="Manufacturer_Name" originx="0" originy="0" style="Default" rotation="0" justify="" flipped="False" hidden="True" data="Vishay" />
    <text name="Manufacturer_Part_Number" originx="750" originy="200" style="Default" rotation="0" justify="left" flipped="False" hidden="False" data="TSSP4038" />
    <text name="Mouser Part Number" originx="0" originy="0" style="Default" rotation="0" justify="" flipped="False" hidden="True" data="782-TSSP4038" />
    <text name="Mouser Price/Stock" originx="0" originy="0" style="Default" rotation="0" justify="" flipped="False" hidden="True" data="https://www.mouser.co.uk/ProductDetail/Vishay-Semiconductors/TSSP4038?qs=lgjwDzixuo3Ja5hn%252BEmOdw%3D%3D" />
    <text name="Arrow Part Number" originx="0" originy="0" style="Default" rotation="0" justify="" flipped="False" hidden="True" data="TSSP4038" />
    <text name="Arrow Price/Stock" originx="0" originy="0" style="Default" rotation="0" justify="" flipped="False" hidden="True" data="https://www.arrow.com/en/products/tssp4038/vishay?region=nac" />
  </component>
</quadcept_library>
