<?xml version="1.0" encoding="utf-8"?>
<!--/703667/1387141/2.50/7/2/Undefined or Miscellaneous/-->
<quadcept_library>
  <setting unit="mil" />
  <textstyle name="Default" height="47.244094488189" strokewidth="7.8740157480315" charwidth="47.244094488189" />
  <textstyle name="Dimension" height="19.6850393700787" strokewidth="0" charwidth="19.6850393700787" />
  <textstyle name="H127W0635TH00762" height="50" strokewidth="3" charwidth="25" />
  <textstyle name="H15W15TH02" height="59.0551181102362" strokewidth="7.8740157480315" charwidth="59.0551181102362" />
  <padstyle name="c137_h87" surface="False" plated="True" isvia="False" nopaste="True" nomask="True" complex="False" holesize="34.251968503937">
    <padshape layer="TOP" shape="round" width="53.937007874015" height="53.937007874015" />
    <padshape layer="TOP_SOLDER_MASK" shape="round" width="61.811023622046" height="61.811023622046" />
    <padshape layer="INNER" shape="round" width="53.937007874015" height="53.937007874015" />
    <padshape layer="BOTTOM" shape="round" width="53.937007874015" height="53.937007874015" />
    <padshape layer="BOTTOM_SOLDER_MASK" shape="round" width="61.811023622046" height="61.811023622046" />
  </padstyle>
  <padstyle name="c184_h124" surface="False" plated="True" isvia="False" nopaste="True" nomask="True" complex="False" holesize="48.818897637795">
    <padshape layer="TOP" shape="round" width="72.440944881889" height="72.440944881889" />
    <padshape layer="TOP_SOLDER_MASK" shape="round" width="80.31496062992" height="80.31496062992" />
    <padshape layer="INNER" shape="round" width="72.440944881889" height="72.440944881889" />
    <padshape layer="BOTTOM" shape="round" width="72.440944881889" height="72.440944881889" />
    <padshape layer="BOTTOM_SOLDER_MASK" shape="round" width="80.31496062992" height="80.31496062992" />
  </padstyle>
  <footprint name="CC6_SF" originx="0" originy="0" pickpointx="0" pickpointy="0">
    <pcbpin number="1" name="1" style="c137_h87" originx="899.99999999999" originy="-499.99999999999" rotation="90" />
    <pcbpin number="2" name="2" style="c137_h87" originx="899.99999999999" originy="-99.999999999999" rotation="90" />
    <pcbpin number="3" name="3" style="c137_h87" originx="899.99999999999" originy="99.999999999999" rotation="90" />
    <pcbpin number="4" name="4" style="c137_h87" originx="0" originy="99.999999999999" rotation="90" />
    <pcbpin number="5" name="5" style="c137_h87" originx="0" originy="-99.999999999999" rotation="90" />
    <pcbpin number="6" name="6" style="c137_h87" originx="0" originy="-300" rotation="90" />
    <pcbpin number="7" name="7" style="c137_h87" originx="0" originy="-499.99999999999" rotation="90" />
    <pcbpin number="8" name="8" style="c184_h124" originx="99.999999999999" originy="-603.54330708661" rotation="90" />
    <pcbpin number="9" name="9" style="c184_h124" originx="799.99999999999" originy="-603.54330708661" rotation="90" />
    <pcbpin number="10" name="10" style="c184_h124" originx="799.99999999999" originy="203.54330708661" rotation="90" />
    <pcbpin number="11" name="11" style="c184_h124" originx="99.999999999999" originy="203.54330708661" rotation="90" />
    <line layer="TOP_ASSEMBLY" originx="0" originy="203.54330708661" endx="899.99999999999" endy="203.54330708661" width="7.8740157480314" />
    <line layer="TOP_ASSEMBLY" originx="899.99999999999" originy="203.54330708661" endx="899.99999999999" endy="-603.54330708661" width="7.8740157480314" />
    <line layer="TOP_ASSEMBLY" originx="899.99999999999" originy="-603.54330708661" endx="0" endy="-603.54330708661" width="7.8740157480314" />
    <line layer="TOP_ASSEMBLY" originx="0" originy="-603.54330708661" endx="0" endy="203.54330708661" width="7.8740157480314" />
    <line layer="TOP_SILKSCREEN" originx="150.7874015748" originy="203.54330708661" endx="749.21259842519" endy="203.54330708661" width="7.8740157480314" />
    <line layer="TOP_SILKSCREEN" originx="150.7874015748" originy="-603.54330708661" endx="749.21259842519" endy="-603.54330708661" width="7.8740157480314" />
    <line layer="TOP_SILKSCREEN" originx="0" originy="62.992125984251" endx="0" endy="-62.992125984251" width="7.8740157480314" />
    <line layer="TOP_SILKSCREEN" originx="899.99999999999" originy="62.992125984251" endx="899.99999999999" endy="-62.992125984251" width="7.8740157480314" />
    <line layer="TOP_SILKSCREEN" originx="0" originy="-137.00787401575" endx="0" endy="-262.99212598425" width="7.8740157480314" />
    <line layer="TOP_SILKSCREEN" originx="0" originy="-337.00787401574" endx="0" endy="-462.99212598425" width="7.8740157480314" />
    <line layer="TOP_SILKSCREEN" originx="899.99999999999" originy="-137.00787401575" endx="899.99999999999" endy="-462.99212598425" width="7.8740157480314" />
    <arc layer="TOP_SILKSCREEN" originx="968.85826771652" originy="-503.03149606299" startangle="180" sweepangle="180" radius="3.0811023622046" width="7.8740157480314" />
    <arc layer="TOP_SILKSCREEN" originx="968.85826771652" originy="-503.03149606299" startangle="180" sweepangle="-180" radius="3.0811023622046" width="7.8740157480314" />
  </footprint>
  <symbol name="CC6-1205SF-E" originx="0" originy="0">
    <line originx="200" originy="100" endx="1000" endy="100" width="0" />
    <line originx="1000" originy="-400" endx="1000" endy="100" width="0" />
    <line originx="1000" originy="-400" endx="200" endy="-400" width="0" />
    <line originx="200" originy="100" endx="200" endy="-400" width="0" />
    <sympin number="1" originx="200" originy="0" rotation="180" length="100" width="7.8740157480315" flipped="False">
      <text name="pinname" originx="230" originy="0" style="Default" rotation="0" justify="left" flipped="False" hidden="False" data="+VIN" />
      <text name="pindes" originx="140" originy="20" style="Default" rotation="0" justify="lowerright" flipped="False" hidden="False" data="1" />
    </sympin>
    <sympin number="2" originx="200" originy="-100" rotation="180" length="100" width="7.8740157480315" flipped="False">
      <text name="pinname" originx="230" originy="-100" style="Default" rotation="0" justify="left" flipped="False" hidden="False" data="RC" />
      <text name="pindes" originx="140" originy="-80" style="Default" rotation="0" justify="lowerright" flipped="False" hidden="False" data="2" />
    </sympin>
    <sympin number="3" originx="200" originy="-200" rotation="180" length="100" width="7.8740157480315" flipped="False">
      <text name="pinname" originx="230" originy="-200" style="Default" rotation="0" justify="left" flipped="False" hidden="False" data="-VIN" />
      <text name="pindes" originx="140" originy="-180" style="Default" rotation="0" justify="lowerright" flipped="False" hidden="False" data="3" />
    </sympin>
    <sympin number="4" originx="200" originy="-300" rotation="180" length="100" width="7.8740157480315" flipped="False">
      <text name="pinname" originx="230" originy="-300" style="Default" rotation="0" justify="left" flipped="False" hidden="False" data="NC" />
      <text name="pindes" originx="140" originy="-280" style="Default" rotation="0" justify="lowerright" flipped="False" hidden="False" data="4" />
    </sympin>
    <sympin number="5" originx="1000" originy="0" rotation="0" length="100" width="7.8740157480315" flipped="False">
      <text name="pinname" originx="970" originy="0" style="Default" rotation="0" justify="right" flipped="False" hidden="False" data="-VOUT" />
      <text name="pindes" originx="1060" originy="20" style="Default" rotation="0" justify="lowerleft" flipped="False" hidden="False" data="5" />
    </sympin>
    <sympin number="6" originx="1000" originy="-100" rotation="0" length="100" width="7.8740157480315" flipped="False">
      <text name="pinname" originx="970" originy="-100" style="Default" rotation="0" justify="right" flipped="False" hidden="False" data="TRM" />
      <text name="pindes" originx="1060" originy="-80" style="Default" rotation="0" justify="lowerleft" flipped="False" hidden="False" data="6" />
    </sympin>
    <sympin number="7" originx="1000" originy="-200" rotation="0" length="100" width="7.8740157480315" flipped="False">
      <text name="pinname" originx="970" originy="-200" style="Default" rotation="0" justify="right" flipped="False" hidden="False" data="+VOUT" />
      <text name="pindes" originx="1060" originy="-180" style="Default" rotation="0" justify="lowerleft" flipped="False" hidden="False" data="7" />
    </sympin>
  </symbol>
  <component name="CC6-1205SF-E" designatorprefix="U" height="0" footprint="CC6_SF">
    <comppin designator="1" sympin="1" pinswap="0" gateswap="0" gate="1" group="1" side="" type="Any" name="+VIN" />
    <comppin designator="2" sympin="2" pinswap="0" gateswap="0" gate="1" group="1" side="" type="Any" name="RC" />
    <comppin designator="3" sympin="3" pinswap="0" gateswap="0" gate="1" group="1" side="" type="Any" name="-VIN" />
    <comppin designator="4" sympin="4" pinswap="0" gateswap="0" gate="1" group="1" side="" type="Any" name="NC" />
    <comppin designator="5" sympin="5" pinswap="0" gateswap="0" gate="1" group="1" side="" type="Any" name="-VOUT" />
    <comppin designator="6" sympin="6" pinswap="0" gateswap="0" gate="1" group="1" side="" type="Any" name="TRM" />
    <comppin designator="7" sympin="7" pinswap="0" gateswap="0" gate="1" group="1" side="" type="Any" name="+VOUT" />
    <attached_symbol gate="1" name="CC6-1205SF-E" />
    <pinmap designator="1" footprintpin="1" />
    <pinmap designator="2" footprintpin="2" />
    <pinmap designator="3" footprintpin="3" />
    <pinmap designator="4" footprintpin="4" />
    <pinmap designator="5" footprintpin="5" />
    <pinmap designator="6" footprintpin="6" />
    <pinmap designator="7" footprintpin="7" />
    <text name="Datasheet" originx="0" originy="0" style="Default" rotation="0" justify="" flipped="False" hidden="True" data="https://product.tdk.com/system/files/dam/doc/product/power/switching-power/dc-dc-converter/catalog/cc-e_e.pdf" />
    <text name="Description" originx="0" originy="0" style="Default" rotation="0" justify="" flipped="False" hidden="True" data="dcdc,convertor TDK-Lambda Through Hole Isolated DC-DC Converter, I/O isolation 500V ac, Vout 5V dc" />
    <text name="Manufacturer_Name" originx="0" originy="0" style="Default" rotation="0" justify="" flipped="False" hidden="True" data="TDK" />
    <text name="Manufacturer_Part_Number" originx="1050" originy="200" style="Default" rotation="0" justify="left" flipped="False" hidden="False" data="CC6-1205SF-E" />
    <text name="Mouser Part Number" originx="0" originy="0" style="Default" rotation="0" justify="" flipped="False" hidden="True" data="967-CC6-1205SF-E" />
    <text name="Mouser Price/Stock" originx="0" originy="0" style="Default" rotation="0" justify="" flipped="False" hidden="True" data="https://www.mouser.co.uk/ProductDetail/TDK-Lambda/CC6-1205SF-E?qs=Vwh6e7toGLhaPHzXVKmH%252BA%3D%3D" />
    <text name="Arrow Part Number" originx="0" originy="0" style="Default" rotation="0" justify="" flipped="False" hidden="True" data="CC6-1205SF-E" />
    <text name="Arrow Price/Stock" originx="0" originy="0" style="Default" rotation="0" justify="" flipped="False" hidden="True" data="https://www.arrow.com/en/products/cc6-1205sf-e/tdk-lambda-americas?region=nac" />
  </component>
</quadcept_library>
