<?xml version="1.0" encoding="utf-8"?>
<!--/1075378/1514354/2.50/2/2/Connector/-->
<quadcept_library>
  <setting unit="mil" />
  <textstyle name="Default" height="47.244094488189" strokewidth="7.8740157480315" charwidth="47.244094488189" />
  <textstyle name="Dimension" height="19.6850393700787" strokewidth="0" charwidth="19.6850393700787" />
  <textstyle name="H127W0635TH00762" height="50" strokewidth="3" charwidth="25" />
  <textstyle name="H15W15TH02" height="59.0551181102362" strokewidth="7.8740157480315" charwidth="59.0551181102362" />
  <padstyle name="c150_h100" surface="False" plated="True" isvia="False" nopaste="True" nomask="True" complex="False" holesize="39.370078740157">
    <padshape layer="TOP" shape="round" width="59.055118110235" height="59.055118110235" />
    <padshape layer="TOP_SOLDER_MASK" shape="round" width="66.929133858267" height="66.929133858267" />
    <padshape layer="INNER" shape="round" width="59.055118110235" height="59.055118110235" />
    <padshape layer="BOTTOM" shape="round" width="59.055118110235" height="59.055118110235" />
    <padshape layer="BOTTOM_SOLDER_MASK" shape="round" width="66.929133858267" height="66.929133858267" />
  </padstyle>
  <footprint name="R1966ABLKBLKEF" originx="0" originy="0" pickpointx="0" pickpointy="0">
    <pcbpin number="1" name="1" style="c150_h100" originx="0" originy="0" rotation="90" />
    <pcbpin number="2" name="2" style="c150_h100" originx="275.5905511811" originy="0" rotation="90" />
    <line layer="TOP_ASSEMBLY" originx="-464.56692913385" originy="291.33858267716" endx="354.33070866141" endy="291.33858267716" width="7.8740157480314" />
    <line layer="TOP_ASSEMBLY" originx="354.33070866141" originy="291.33858267716" endx="354.33070866141" endy="-291.33858267716" width="7.8740157480314" />
    <line layer="TOP_ASSEMBLY" originx="354.33070866141" originy="-291.33858267716" endx="-464.56692913385" endy="-291.33858267716" width="7.8740157480314" />
    <line layer="TOP_ASSEMBLY" originx="-464.56692913385" originy="-291.33858267716" endx="-464.56692913385" endy="291.33858267716" width="7.8740157480314" />
    <line layer="TOP_SILKSCREEN" originx="-464.56692913385" originy="291.33858267716" endx="354.33070866141" endy="291.33858267716" width="3.9370078740157" />
    <line layer="TOP_SILKSCREEN" originx="354.33070866141" originy="291.33858267716" endx="354.33070866141" endy="-291.33858267716" width="3.9370078740157" />
    <line layer="TOP_SILKSCREEN" originx="354.33070866141" originy="-291.33858267716" endx="-464.56692913385" endy="-291.33858267716" width="3.9370078740157" />
    <line layer="TOP_SILKSCREEN" originx="-464.56692913385" originy="-291.33858267716" endx="-464.56692913385" endy="291.33858267716" width="3.9370078740157" />
    <line layer="TOP_PLACE_BOUND" originx="-503.93700787401" originy="330.70866141732" endx="393.70078740157" endy="330.70866141732" width="3.9370078740157" />
    <line layer="TOP_PLACE_BOUND" originx="393.70078740157" originy="330.70866141732" endx="393.70078740157" endy="-330.70866141732" width="3.9370078740157" />
    <line layer="TOP_PLACE_BOUND" originx="393.70078740157" originy="-330.70866141732" endx="-503.93700787401" endy="-330.70866141732" width="3.9370078740157" />
    <line layer="TOP_PLACE_BOUND" originx="-503.93700787401" originy="-330.70866141732" endx="-503.93700787401" endy="330.70866141732" width="3.9370078740157" />
  </footprint>
  <symbol name="R1966ABLKBLKEF" originx="0" originy="0">
    <line originx="200" originy="100" endx="600" endy="100" width="0" />
    <line originx="600" originy="-200" endx="600" endy="100" width="0" />
    <line originx="600" originy="-200" endx="200" endy="-200" width="0" />
    <line originx="200" originy="100" endx="200" endy="-200" width="0" />
    <sympin number="1" originx="200" originy="0" rotation="180" length="100" width="7.8740157480315" flipped="False">
      <text name="pinname" originx="230" originy="0" style="Default" rotation="0" justify="left" flipped="False" hidden="False" data="1" />
      <text name="pindes" originx="140" originy="20" style="Default" rotation="0" justify="lowerright" flipped="False" hidden="False" data="1" />
    </sympin>
    <sympin number="2" originx="200" originy="-100" rotation="180" length="100" width="7.8740157480315" flipped="False">
      <text name="pinname" originx="230" originy="-100" style="Default" rotation="0" justify="left" flipped="False" hidden="False" data="2" />
      <text name="pindes" originx="140" originy="-80" style="Default" rotation="0" justify="lowerright" flipped="False" hidden="False" data="2" />
    </sympin>
  </symbol>
  <component name="R1966ABLKBLKEF" designatorprefix="J" height="763.77952755905" footprint="R1966ABLKBLKEF">
    <comppin designator="1" sympin="1" pinswap="0" gateswap="0" gate="1" group="1" side="" type="Any" name="1" />
    <comppin designator="2" sympin="2" pinswap="0" gateswap="0" gate="1" group="1" side="" type="Any" name="2" />
    <attached_symbol gate="1" name="R1966ABLKBLKEF" />
    <pinmap designator="1" footprintpin="1" />
    <pinmap designator="2" footprintpin="2" />
    <text name="Datasheet" originx="0" originy="0" style="Default" rotation="0" justify="" flipped="False" hidden="True" data="https://configured-product-images.s3.amazonaws.com/2D/specs/R1966ABLKBLKEF.pdf" />
    <text name="Description" originx="0" originy="0" style="Default" rotation="0" justify="" flipped="False" hidden="True" data="ROCKER, 15A, 125VAC SPST, On-Off Panel Mount, Snap-In" />
    <text name="Manufacturer_Name" originx="0" originy="0" style="Default" rotation="0" justify="" flipped="False" hidden="True" data="E-Switch" />
    <text name="Manufacturer_Part_Number" originx="650" originy="200" style="Default" rotation="0" justify="left" flipped="False" hidden="False" data="R1966ABLKBLKEF" />
    <text name="Mouser Part Number" originx="0" originy="0" style="Default" rotation="0" justify="" flipped="False" hidden="True" data="612-R1966ABKBKEF" />
    <text name="Mouser Price/Stock" originx="0" originy="0" style="Default" rotation="0" justify="" flipped="False" hidden="True" data="https://www.mouser.co.uk/ProductDetail/E-Switch/R1966ABLKBLKEF?qs=4EnmSMTL3HMWRKl8eQAJdA%3D%3D" />
    <text name="Arrow Part Number" originx="0" originy="0" style="Default" rotation="0" justify="" flipped="False" hidden="True" data="" />
    <text name="Arrow Price/Stock" originx="0" originy="0" style="Default" rotation="0" justify="" flipped="False" hidden="True" data="" />
  </component>
</quadcept_library>
